file_name,dset_path,n_vec,vec_dim,dtype,sample_vec
LymphNode_HE_001.h5,/features,811,1024,float32,"-0.979,0.1279,-0.4697,2.106,2.237,1.38,-3.316,1.565,-0.2893,1.269"
LymphNode_HE_002.h5,/features,2288,1024,float32,"0.6091,0.04447,1.053,0.5824,1.386,0.344,-3.323,0.8011,0.7129,-0.6078"
LymphNode_HE_006.h5,/features,787,1024,float32,"-0.5897,-1.152,-1.849,0.5307,0.8961,1.107,0.179,1.301,0.6321,-0.4713"
LymphNode_HE_011.h5,/features,628,1024,float32,"-0.3471,-0.00714,-0.5126,0.4806,2.245,1.666,-1.075,1.502,0.7527,0.7863"
LymphNode_HE_012.h5,/features,1115,1024,float32,"0.2538,-0.05839,-0.5979,1.832,2.249,0.4095,0.2089,2.469,0.1745,0.6374"
LymphNode_HE_013.h5,/features,1285,1024,float32,"0.5865,0.4059,-0.8799,1.172,1.108,1.289,-1.567,1.172,0.5698,-0.08202"
LymphNode_HE_014.h5,/features,656,1024,float32,"-0.8078,-2.334,-0.7294,1.952,0.02931,2.031,-2.009,3.035,0.09432,0.08711"
LymphNode_HE_016.h5,/features,523,1024,float32,"0.4355,-1.167,-1.756,1.311,1.772,1.197,-1.786,1.572,-0.2002,-0.7797"
LymphNode_HE_017.h5,/features,969,1024,float32,"0.9279,0.6999,0.1121,-0.01446,1.174,-1.082,-2.14,2.204,0.3057,-0.349"
LymphNode_HE_018.h5,/features,3424,1024,float32,"1.457,0.3652,0.2603,-0.6466,0.3625,0.4511,0.1411,1.348,0.3228,0.2739"
LymphNode_HE_019.h5,/features,2272,1024,float32,"0.4768,2.696,-0.5247,-0.3887,-0.1494,0.9205,-0.009777,0.9542,-2.623,0.3239"
LymphNode_HE_020.h5,/features,692,1024,float32,"2.064,0.8971,-1.012,1.495,-0.0952,0.7593,0.4284,3.496,0.04608,1.028"
LymphNode_HE_021.h5,/features,1028,1024,float32,"0.445,-0.5616,-0.3701,0.756,1.994,1.136,-1.15,1.018,0.1856,0.06082"
LymphNode_HE_024.h5,/features,896,1024,float32,"0.5324,-0.8915,-2.431,1.444,1.411,1.074,-1.62,3.417,0.8192,0.1692"
LymphNode_HE_027.h5,/features,774,1024,float32,"0.4338,0.07778,-0.8491,0.9219,1.302,3.195,-0.5315,1.64,1.818,1.701"
LymphNode_HE_030.h5,/features,1041,1024,float32,"-0.0304,-2.119,-1.139,1.705,1.065,0.7409,-1.526,2.098,0.4839,0.408"
LymphNode_HE_034.h5,/features,1317,1024,float32,"-0.8534,0.3997,-1.055,2.721,1.697,2.09,-2.362,1.12,-0.1217,0.8089"
LymphNode_HE_037.h5,/features,1321,1024,float32,"-0.7175,-0.1777,-0.4172,1.581,2.059,0.2552,-1.12,0.9473,-0.6187,0.3254"
LymphNode_HE_038.h5,/features,1246,1024,float32,"2.646,0.4667,1.308,0.03358,1.417,0.4486,-0.02627,-1.239,-0.2549,-0.4895"
LymphNode_HE_039.h5,/features,416,1024,float32,"2.115,-0.03424,-1.593,0.1983,2.051,1.234,-2.003,2.153,-0.1061,0.6644"
LymphNode_HE_040.h5,/features,936,1024,float32,"-1.608,0.02792,-1.107,0.936,1.098,1.21,-1.956,0.7144,0.3031,0.3794"
LymphNode_HE_042.h5,/features,860,1024,float32,"1.394,-1.848,-2.223,1.509,0.7799,2.475,0.3421,2.784,0.632,0.5423"
LymphNode_HE_044.h5,/features,1396,1024,float32,"-0.122,1.622,-1.104,2.361,0.5888,2.027,-0.5099,2.173,0.817,-0.1448"
LymphNode_HE_046.h5,/features,2861,1024,float32,"-0.4952,0.07095,0.2179,-0.5487,-0.5426,-0.8925,-0.3651,2.661,-0.0008946,0.02073"
LymphNode_HE_047.h5,/features,1153,1024,float32,"0.1204,0.132,-0.9906,0.9287,0.04039,2.459,-0.6268,0.6748,1.257,0.4056"
LymphNode_HE_048.h5,/features,1085,1024,float32,"-0.4539,-0.1778,-2.087,0.3828,1.087,1.804,-0.5508,1.354,-0.09064,1.122"
LymphNode_HE_051.h5,/features,779,1024,float32,"0.7022,0.136,-1.361,-0.07648,1.56,0.1289,-1.715,1.019,-0.3936,0.8448"
LymphNode_HE_052.h5,/features,1252,1024,float32,"1.062,-0.6943,-1.634,0.8956,-0.1024,1.007,-2.355,1.61,0.3289,-0.6238"
LymphNode_HE_053.h5,/features,1226,1024,float32,"1.721,1.6,-1.059,1.696,-0.4933,1.22,-0.4987,0.2815,0.2188,0.3373"
LymphNode_HE_054.h5,/features,1169,1024,float32,"1.186,-0.8176,-0.3106,0.5004,1.228,0.9124,-1.016,1.281,0.5094,0.3561"
LymphNode_HE_059.h5,/features,988,1024,float32,"-0.2754,0.1102,-1.241,0.9476,0.5936,0.7933,-0.5802,1.493,1.041,0.4332"
LymphNode_HE_061.h5,/features,481,1024,float32,"0.7497,-0.04853,-0.8588,0.2217,2.301,0.5044,-0.8413,1.812,-0.5745,1.023"
LymphNode_HE_062.h5,/features,1161,1024,float32,"1.142,-1.25,-0.5387,2.265,1.718,2.693,-0.7144,0.5146,-0.4322,1.149"
LymphNode_HE_064.h5,/features,952,1024,float32,"3.165,0.08067,-2.054,0.536,0.2461,1.632,-1.349,1.525,0.006926,-0.4102"
LymphNode_HE_068.h5,/features,934,1024,float32,"3.587,-0.8234,-2.017,0.8712,-0.5617,1.14,-0.5581,1.83,2.013,-0.8114"
LymphNode_HE_071.h5,/features,607,1024,float32,"0.1641,0.5247,-2.46,1.042,0.7937,0.5272,1.102,2.429,0.03001,0.3046"
LymphNode_HE_072.h5,/features,1570,1024,float32,"0.315,0.3785,-0.942,0.834,-0.04013,0.2772,-0.6439,1.284,0.3133,-0.3379"
LymphNode_HE_073.h5,/features,1006,1024,float32,"-0.6666,0.3715,0.1774,1.304,2.302,0.1649,-3.345,1.873,1.596,1.875"
LymphNode_HE_077.h5,/features,437,1024,float32,"0.509,0.8721,-0.2849,1.12,1.39,1.901,1.782,1.579,0.3318,-0.3665"
LymphNode_HE_078.h5,/features,800,1024,float32,"-0.6519,-1.266,-0.3764,0.1718,0.8931,0.6308,-2.48,1.998,0.3643,0.9272"
LymphNode_HE_081.h5,/features,1275,1024,float32,"-0.4134,-1.308,-2.958,1.56,-0.3234,1.37,-0.5793,1.221,0.6211,-0.0179"
LymphNode_HE_083.h5,/features,1451,1024,float32,"-0.4439,0.5886,-0.21,0.6766,2.829,-0.5427,-2.349,1.328,0.3343,1.023"
LymphNode_HE_086.h5,/features,778,1024,float32,"0.8835,-1.972,-0.9386,0.5688,2.01,1.507,-1.557,1.29,0.388,-0.2334"
LymphNode_HE_087.h5,/features,2018,1024,float32,"-0.1016,-0.2376,-0.385,0.5507,-0.4025,-0.5599,-1.32,3.636,0.9697,-0.67"
LymphNode_HE_089.h5,/features,1054,1024,float32,"-0.02592,0.5873,-0.7209,0.9018,0.2235,1.4,-1.205,0.3733,0.7635,0.08197"
LymphNode_HE_090.h5,/features,1105,1024,float32,"-1.5,-0.6465,-0.1149,1.219,2.496,0.1305,-2.037,0.4707,-0.472,-0.04757"
LymphNode_HE_091.h5,/features,673,1024,float32,"-0.1407,1.967,0.7081,-0.3605,0.3508,1.688,0.2113,-0.3165,-1.624,2.778"
LymphNode_HE_094.h5,/features,2900,1024,float32,"-0.4951,1.307,0.7713,1.787,1.968,1.358,-1.132,1.775,0.7111,1.121"
LymphNode_HE_095.h5,/features,701,1024,float32,"1.476,-0.4182,-2.841,1.096,-0.4814,1.895,-0.5814,2.411,0.1463,-0.2412"
LymphNode_HE_096.h5,/features,2255,1024,float32,"-0.02439,1.033,0.5597,-0.2668,-1.752,-1.385,0.6741,2.19,-0.1542,0.647"
LymphNode_HE_101.h5,/features,649,1024,float32,"0.9143,1.314,0.4899,0.4627,1.513,1.238,-0.4245,-0.6396,-0.2769,1.278"
LymphNode_HE_102.h5,/features,2475,1024,float32,"0.3272,1.398,-0.9572,-0.06609,-0.2491,0.7557,0.04929,0.1714,-2.237,1.285"
LymphNode_HE_104.h5,/features,1136,1024,float32,"0.382,-0.4609,-0.3971,1.734,0.663,3.328,-1.349,1.215,-0.7434,-0.1395"
LymphNode_HE_105.h5,/features,1261,1024,float32,"2.134,2.329,-0.4177,-0.5938,-2.465,-0.002014,0.5935,1.026,-1.688,0.3655"
LymphNode_HE_107.h5,/features,1586,1024,float32,"0.5655,-1.391,-1.379,0.2805,0.5097,0.1867,1.704,1.7,0.9084,0.6412"
LymphNode_HE_109.h5,/features,922,1024,float32,"1.546,-0.3876,-1.484,1.183,0.3885,1.541,-0.8353,3.266,0.3352,-0.1028"
LymphNode_HE_112.h5,/features,834,1024,float32,"0.2723,-2,-1.298,0.8115,1.545,0.7923,-1.059,1.139,-0.5821,0.09086"
LymphNode_HE_113.h5,/features,1030,1024,float32,"-0.07985,0.8375,-0.6662,1.593,2.091,1.142,0.03537,1.229,0.2993,1.823"
LymphNode_HE_114.h5,/features,1410,1024,float32,"2.268,-1.006,-1.623,0.6192,0.6813,1.086,-1.07,1.273,-0.4225,0.802"
LymphNode_HE_115.h5,/features,807,1024,float32,"-0.419,-0.731,-3.427,1.284,1.162,0.3276,-2.112,3.234,1.675,1.125"
LymphNode_HE_121.h5,/features,1160,1024,float32,"0.3438,-0.809,-2.008,0.9015,0.6986,0.8123,0.2184,1.425,0.4194,0.4434"
LymphNode_HE_123.h5,/features,1348,1024,float32,"0.4854,-0.9729,-2.653,-0.9468,0.7609,-1.166,-0.6059,0.8478,-0.1761,-0.7402"
LymphNode_HE_125.h5,/features,1132,1024,float32,"2.28,-0.007396,-1.605,0.07017,-0.4357,1.988,-0.8466,1.888,-0.112,0.5884"
LymphNode_HE_126.h5,/features,2520,1024,float32,"1.173,0.6743,-0.418,-0.7125,-0.947,0.8218,0.3422,1.224,0.04008,-0.1199"
LymphNode_HE_129.h5,/features,1199,1024,float32,"2.457,-1.589,-2.099,0.8768,0.3918,1.576,-0.156,2.752,0.4236,0.1756"
LymphNode_HE_130.h5,/features,1650,1024,float32,"1.314,1.481,0.7761,-0.2571,0.4823,0.03112,0.9941,0.2787,-0.779,0.9436"
LymphNode_HE_131.h5,/features,1007,1024,float32,"-1.417,-1.601,-1.576,0.983,1.308,0.7813,-0.1002,1.013,0.2149,0.7813"
LymphNode_HE_132.h5,/features,2052,1024,float32,"0.4305,0.8426,0.7703,0.3777,0.752,0.4337,-2.029,2.048,0.5822,-0.1737"
LymphNode_HE_134.h5,/features,1080,1024,float32,"0.9057,-1.449,0.2312,0.3315,-1.111,-0.3907,1.629,0.4882,0.1398,1.499"
LymphNode_HE_138.h5,/features,1221,1024,float32,"0.911,0.902,-0.9338,1.063,1.827,-0.02741,-1.295,2.505,0.5656,0.2299"
LymphNode_HE_139.h5,/features,712,1024,float32,"1.787,-1.34,-1.123,0.7065,0.2375,1.682,-2.051,1.683,-1.218,0.8896"
LymphNode_HE_141.h5,/features,1409,1024,float32,"1.145,-0.7742,-0.731,0.9509,-0.1789,0.418,-1.158,0.6489,-0.3747,1.332"
LymphNode_HE_142.h5,/features,492,1024,float32,"-1.084,0.5695,-1.925,2.528,1.167,1.546,-0.6248,1.118,0.6829,0.383"
LymphNode_HE_143.h5,/features,939,1024,float32,"0.4879,0.8581,-1.503,1.41,1.442,0.4253,-2.184,1.574,0.1863,0.3868"
LymphNode_HE_144.h5,/features,1577,1024,float32,"-0.5307,-1.307,-0.3917,0.3462,0.001378,-0.2218,-0.6277,0.7847,0.5827,-0.9343"
LymphNode_HE_147.h5,/features,758,1024,float32,"1.724,-0.00855,-1.932,0.4746,0.7877,0.3617,-0.5714,1.449,-0.475,-1.134"
LymphNode_HE_148.h5,/features,563,1024,float32,"1.723,-0.7777,-2.348,0.165,0.6159,1.279,-2.535,1.774,-0.2514,1.136"
LymphNode_HE_150.h5,/features,1143,1024,float32,"0.4082,0.1222,-1.35,0.8672,0.1369,-1.144,-0.9586,0.3601,1.244,-1.196"
LymphNode_HE_152.h5,/features,2119,1024,float32,"-0.9027,-0.1368,-0.8809,0.0113,1.821,-0.328,-0.4132,1.092,-1.748,0.8713"
LymphNode_HE_153.h5,/features,1335,1024,float32,"2.136,-0.1039,-4.027,1.335,0.4657,2.407,-0.6331,2.125,0.4789,-0.3737"
LymphNode_HE_157.h5,/features,3666,1024,float32,"1.809,0.7313,-0.9834,-0.7995,-2.309,1.334,1.408,1.747,-0.2006,0.3782"
LymphNode_HE_158.h5,/features,1072,1024,float32,"2.994,0.4408,-2.081,0.4606,1.324,1.664,-1.311,1.055,-0.1903,0.129"
LymphNode_HE_159.h5,/features,817,1024,float32,"2.07,-1.826,-2.443,0.2242,-0.6785,0.9208,1.064,3.073,1.274,1.326"
LymphNode_HE_165.h5,/features,1852,1024,float32,"0.94,0.0228,0.5849,-0.3098,1.594,-1.233,-1.896,0.2245,-0.05913,-0.03227"
LymphNode_HE_177.h5,/features,1697,1024,float32,"0.4886,0.000992,0.9561,0.06508,0.05484,0.001114,-1.185,2.511,-0.3564,-0.1081"
LymphNode_HE_180.h5,/features,1251,1024,float32,"0.9186,2.372,0.2793,0.2891,-0.2889,-1.187,-0.9382,0.2156,-0.05562,1.72"
LymphNode_HE_181.h5,/features,1644,1024,float32,"0.2108,2.313,1.903,2.49,-0.3005,-0.7206,-2.298,1.66,0.6269,-0.6445"
LymphNode_HE_182.h5,/features,2611,1024,float32,"1.552,1.462,-0.2652,-1.053,-0.4503,0.1314,1.245,-0.2215,0.9526,-0.05702"
LymphNode_HE_184.h5,/features,1261,1024,float32,"2.455,1.248,-1.75,1.6,2.841,0.3666,-1.031,1.054,0.3326,-0.2297"
LymphNode_HE_185.h5,/features,751,1024,float32,"0.06243,-0.594,-1.326,2.789,2.962,2.361,-0.9104,1.838,0.7926,1.515"
LymphNode_HE_188.h5,/features,1208,1024,float32,"-0.3501,-1.952,-1.839,1.267,1.598,0.06743,-2.251,1.883,0.8468,1.421"
LymphNode_HE_189.h5,/features,2989,1024,float32,"0.162,0.9413,1.09,-0.0909,-0.9109,1.476,0.5876,0.6794,-0.9502,1.478"
LymphNode_HE_191.h5,/features,1108,1024,float32,"1.097,-0.439,-0.7791,0.5718,1.36,0.8236,-1.158,0.6584,0.5168,1.142"
LymphNode_HE_192.h5,/features,786,1024,float32,"0.1028,-1.622,-0.2858,-0.06805,1.045,-0.9281,2.26,3.204,-0.2967,-0.4688"
LymphNode_HE_195.h5,/features,933,1024,float32,"2.409,-0.681,-1.173,-0.1942,1.514,1.244,-2.29,2.064,0.1007,1.185"
LymphNode_HE_197.h5,/features,1057,1024,float32,"-0.3081,0.0741,-0.8021,1.086,3.647,1.703,-1.071,1.417,0.9961,0.971"
LymphNode_HE_199.h5,/features,2508,1024,float32,"0.4243,-0.241,1.109,-0.08307,0.5315,-0.8378,-0.8636,2.754,-1.503,-0.5055"
LymphNode_HE_201.h5,/features,1542,1024,float32,"2.411,-0.7784,0.9874,0.01746,0.7599,1.001,-0.608,-1.013,0.02006,0.2168"
LymphNode_HE_204.h5,/features,962,1024,float32,"1.997,0.2661,-2.021,1.986,0.7456,2.971,-1.263,2.823,0.2374,0.7977"
LymphNode_HE_208.h5,/features,845,1024,float32,"-1.58,-0.9931,-0.8203,1.887,0.7858,1.859,-1.174,1.271,-0.1387,0.3064"
LymphNode_HE_210.h5,/features,2497,1024,float32,"-1.583,-0.5437,-0.3908,-0.1687,1.187,0.0962,-1.544,1.611,-0.0722,-0.239"
LymphNode_HE_214.h5,/features,584,1024,float32,"-0.4439,0.3154,0.3961,0.008559,-0.1794,1.487,0.6034,0.9046,0.007566,0.2528"
LymphNode_HE_215.h5,/features,682,1024,float32,"0.3484,-0.2657,-1.478,0.9775,1.959,-0.2283,-0.7808,2.031,0.3139,1.162"
LymphNode_HE_217.h5,/features,1716,1024,float32,"1.28,-0.8853,-1.676,0.8362,0.9705,0.1019,0.4954,1.866,0.2526,-0.9628"
LymphNode_HE_218.h5,/features,2696,1024,float32,"0.1639,0.9483,-0.3513,0.7435,-0.9959,0.2325,0.8952,1.959,0.04649,0.9094"
LymphNode_HE_221.h5,/features,1613,1024,float32,"0.297,-2.135,-1.575,1.156,1.238,0.1794,-0.4189,1.627,0.2907,0.3114"
LymphNode_HE_222.h5,/features,992,1024,float32,"0.4231,-3.039,-1.586,0.843,0.8456,1.304,-0.3231,1.859,1.341,1.627"
LymphNode_HE_228.h5,/features,900,1024,float32,"3.582,-1.213,-0.4135,0.8683,1.378,1.395,-0.0704,0.4363,0.4799,0.625"
LymphNode_HE_231.h5,/features,1461,1024,float32,"1.436,0.7315,-1.251,1.524,1.138,0.8796,-3.511,1.497,0.4201,0.2902"
LymphNode_HE_232.h5,/features,2226,1024,float32,"-0.1464,1.086,-0.1248,1.418,0.3339,-0.9968,-2.969,1.46,0.9986,-0.551"
LymphNode_HE_234.h5,/features,1183,1024,float32,"0.2535,-0.07211,-1.546,1.023,0.5168,0.5429,0.04855,1.443,0.2845,-0.3046"
LymphNode_HE_236.h5,/features,1089,1024,float32,"-1.13,-0.6127,-1.506,1.22,1.143,1.541,-1.896,1.946,-0.4743,0.1261"
LymphNode_HE_239.h5,/features,1103,1024,float32,"-0.392,-0.9671,0.4801,0.3166,-0.3955,0.6799,-0.5194,1.234,-0.9465,0.8963"
LymphNode_HE_240.h5,/features,651,1024,float32,"1.461,-1.661,-2.068,0.9872,0.4255,2.393,-0.7433,2.31,-0.6366,-0.4508"
LymphNode_HE_244.h5,/features,1283,1024,float32,"-1.579,1.245,-0.08319,2.038,1.201,1.655,0.6143,1.298,1.198,-0.1845"
LymphNode_HE_248.h5,/features,2706,1024,float32,"0.3294,1.321,0.06673,0.6321,-0.3711,1.002,1.462,0.08767,0.1573,0.3829"
LymphNode_HE_250.h5,/features,1032,1024,float32,"1.658,-3.135,-1.548,0.4767,1.261,0.922,-1.214,2.038,-0.4335,0.002088"
LymphNode_HE_252.h5,/features,519,1024,float32,"0.9276,-1.613,-1.488,1.024,0.4911,0.7825,-1.885,0.3425,-0.1559,0.09832"
LymphNode_HE_253.h5,/features,1394,1024,float32,"2.653,0.5785,-0.2451,-0.9363,-0.4188,1.133,1.579,1.561,0.107,0.3551"
LymphNode_HE_254.h5,/features,401,1024,float32,"-0.3315,1.772,-2.08,0.5051,1.412,0.08907,0.5018,1.178,0.8713,0.5497"
LymphNode_HE_257.h5,/features,1076,1024,float32,"0.7219,0.7024,-0.3842,1.387,0.7389,0.9174,-0.4555,0.6756,-0.3342,0.2532"
LymphNode_HE_259.h5,/features,545,1024,float32,"1.929,0.3694,-1.302,1.916,-0.702,1.475,-0.705,1.544,0.8343,-0.1964"
LymphNode_HE_260.h5,/features,1094,1024,float32,"-0.1875,0.66,-0.1159,-0.053,1.909,-0.1751,-0.4836,2.67,-0.4515,0.3055"
LymphNode_HE_262.h5,/features,1653,1024,float32,"-0.4582,1.472,0.848,1.214,0.2728,-1.161,-0.363,0.5904,1.043,0.1488"
LymphNode_HE_264.h5,/features,928,1024,float32,"0.6126,0.6655,0.548,1.025,-0.1621,-1.348,0.6225,1.932,-0.1385,0.2805"
LymphNode_HE_266.h5,/features,1773,1024,float32,"-0.3838,2.323,1.029,-0.07084,-1.038,-0.9893,-1.547,-1.25,0.07585,-0.4074"
LymphNode_HE_268.h5,/features,2512,1024,float32,"1.26,0.5141,0.06243,-0.2332,-3.069,-0.6696,-1.339,-1.129,-1.085,0.9235"
LymphNode_HE_269.h5,/features,1533,1024,float32,"-0.5829,-0.9162,-1.685,2.322,1.868,1.132,-2.686,1.68,0.166,0.2787"
LymphNode_HE_270.h5,/features,1082,1024,float32,"-0.4333,-0.3704,-0.1751,0.3592,0.7302,-0.5937,1.721,1.605,0.2216,0.901"
LymphNode_HE_271.h5,/features,1122,1024,float32,"0.2024,-0.1707,-2.333,0.9601,1.099,1.329,-2.535,1.602,0.6386,0.0248"
LymphNode_HE_274.h5,/features,2803,1024,float32,"1.056,2.037,-0.4344,0.8488,-1.011,-1.765,-0.1327,2.715,-0.7458,-0.5811"
LymphNode_HE_276.h5,/features,1711,1024,float32,"-0.5625,-1.461,0.4735,0.01354,0.5709,1.543,-1.828,1.384,-0.2065,0.04887"
LymphNode_HE_278.h5,/features,998,1024,float32,"0.8134,0.398,-1.008,0.6298,2.139,-0.1397,-2.177,0.3417,0.2723,0.1474"
LymphNode_HE_282.h5,/features,1029,1024,float32,"-1.472,1.183,0.1478,1.731,1.886,-0.6413,-0.8277,0.2976,1.06,-0.5166"
LymphNode_HE_284.h5,/features,786,1024,float32,"0.8283,-0.5854,-0.2693,0.8295,0.77,0.4856,-2.715,2.321,-0.1502,0.4021"
LymphNode_HE_286.h5,/features,539,1024,float32,"-1.405,-0.05724,-1.799,1.794,2.159,1.78,-0.5452,2.166,-0.3347,0.2042"
LymphNode_HE_287.h5,/features,1186,1024,float32,"-1.26,-0.7166,-0.3176,1.643,1.118,2.001,-0.134,0.9577,-0.4478,0.4686"
LymphNode_HE_290.h5,/features,2078,1024,float32,"1.096,-1.516,0.2752,0.2609,2.978,0.5599,-1.121,0.5792,-0.987,0.1187"
LymphNode_HE_293.h5,/features,744,1024,float32,"-0.07211,-0.7754,-1.3,0.939,2.451,0.7106,-0.6014,1.673,0.5885,0.3108"
LymphNode_HE_294.h5,/features,2000,1024,float32,"1.979,1.336,0.8375,-1.249,-2.992,0.6994,-2.752,0.6038,-1.629,0.07686"
LymphNode_HE_295.h5,/features,2292,1024,float32,"-0.1563,0.2758,-0.8208,0.5422,0.8154,0.1755,0.5248,2.744,-0.9245,0.1398"
LymphNode_HE_296.h5,/features,865,1024,float32,"-0.01832,-1.041,-1.971,1.263,1.296,1.484,-0.2876,1.795,0.1264,0.3842"
LymphNode_HE_297.h5,/features,2294,1024,float32,"2.531,-0.1938,-1.143,0.9944,0.8994,-0.2408,0.01715,1.966,0.8499,-1.236"
LymphNode_HE_298.h5,/features,657,1024,float32,"1.656,-0.5533,-1.056,0.9849,-0.1965,1.448,-0.07146,1.967,0.9382,1.438"
LymphNode_HE_299.h5,/features,903,1024,float32,"1.07,-0.4313,-2.234,1.434,-0.4529,1.953,-0.6939,0.6086,0.9737,0.9712"
LymphNode_HE_300.h5,/features,1050,1024,float32,"0.8968,0.4662,0.301,1.301,0.7007,-1.415,-1.477,0.3135,0.1858,-0.1393"
LymphNode_HE_301.h5,/features,1645,1024,float32,"1.231,2.084,-0.2345,-0.5298,-1.786,1.09,-1.901,0.6118,-2.141,0.4864"
LymphNode_HE_302.h5,/features,1946,1024,float32,"0.05637,-0.1803,-1.234,0.2326,1.217,0.0312,-1.222,1.809,0.6134,0.7994"
LymphNode_HE_303.h5,/features,702,1024,float32,"-0.08966,-1.785,-2.065,1.483,0.1947,1.976,-1.946,3.352,0.7486,0.3114"
LymphNode_HE_304.h5,/features,990,1024,float32,"2.16,0.2074,-2.777,1.052,1.326,2.373,-0.2752,2.397,0.8897,0.5541"
LymphNode_HE_306.h5,/features,1349,1024,float32,"0.9023,0.4065,-0.4292,2.057,1.126,1.012,-1.14,1.466,0.5317,-0.1914"
LymphNode_HE_311.h5,/features,980,1024,float32,"0.5177,0.9346,-0.8914,0.5715,1.392,1.424,0.9122,1.038,0.2938,0.6071"
LymphNode_HE_312.h5,/features,856,1024,float32,"1.131,-0.1328,-2.599,-0.1712,0.6251,1.376,1.532,0.9527,-1.422,-0.1741"
LymphNode_HE_314.h5,/features,761,1024,float32,"2.063,-2.098,-1.785,0.8702,1.068,1.699,-2.074,3.174,0.2957,1.252"
LymphNode_HE_315.h5,/features,1808,1024,float32,"-1.025,0.8654,0.08395,-0.21,0.9933,-2.002,-0.3108,-0.1555,-0.2199,0.04013"
LymphNode_HE_316.h5,/features,928,1024,float32,"0.9973,-1.063,-2.624,0.6845,1.296,1.807,-2.241,1.553,0.6789,-0.1812"
LymphNode_HE_321.h5,/features,996,1024,float32,"0.07362,-0.988,-1.236,0.4729,1.148,-0.07051,-1.254,1.952,0.5904,1.554"
LymphNode_HE_322.h5,/features,1366,1024,float32,"1.147,1.573,-0.9054,1.543,-0.2898,1.642,0.5569,2.836,-0.488,-0.5187"
LymphNode_HE_325.h5,/features,1798,1024,float32,"-0.2151,1.583,-0.2049,0.419,-0.06049,-1.439,0.274,-0.07072,0.5311,-0.8478"
LymphNode_HE_326.h5,/features,967,1024,float32,"1.346,0.6441,-1.434,0.894,0.5392,1.057,-0.2912,0.7668,0.3387,0.3853"
LymphNode_HE_327.h5,/features,1295,1024,float32,"-0.01414,-0.9865,-2.457,1.505,0.9436,0.8588,-1.179,1.961,-0.5816,0.9416"
LymphNode_HE_329.h5,/features,784,1024,float32,"-0.3783,0.7315,-0.9355,1.487,0.6672,0.7365,-0.6932,2.231,0.1682,-0.7667"
LymphNode_HE_330.h5,/features,1369,1024,float32,"0.98,-2.074,-0.121,0.7989,1.152,0.9262,0.479,0.9575,-0.4611,0.4317"
LymphNode_HE_332.h5,/features,1104,1024,float32,"1.261,0.4669,-0.9814,1.139,1.222,1.878,-0.6494,1.75,0.2522,1.049"
LymphNode_HE_333.h5,/features,1712,1024,float32,"-0.3943,1.995,-0.7409,-0.2095,-0.6498,0.7833,0.09958,1.002,-1.213,2.165"
LymphNode_HE_336.h5,/features,2834,1024,float32,"0.6789,0.7363,0.3773,-1.477,-0.0521,0.7447,0.175,0.5451,0.1382,0.5838"
LymphNode_HE_339.h5,/features,708,1024,float32,"2.529,-0.6028,-2.469,1.235,-0.6627,2.5,-0.7506,1.665,0.5648,0.4064"
LymphNode_HE_340.h5,/features,2476,1024,float32,"0.8418,0.796,0.3845,0.1146,0.9249,-0.9037,-2.316,1.28,0.0837,-0.3621"
LymphNode_HE_341.h5,/features,2945,1024,float32,"3.026,2.113,0.2137,-1.419,-2.405,0.7339,-1.209,0.6692,-2.508,-0.0435"
LymphNode_HE_348.h5,/features,1829,1024,float32,"0.5526,-0.502,-0.09846,0.789,1.761,-0.4843,-1.171,0.05824,0.52,-0.4651"
LymphNode_HE_349.h5,/features,1307,1024,float32,"2.162,-0.1493,-0.204,0.7737,2.556,2.314,-2.774,0.7615,0.3999,-0.9287"
LymphNode_HE_350.h5,/features,1007,1024,float32,"-1.366,0.5883,-1.25,1.806,3.708,1.607,-2.104,1.09,-0.09909,0.2846"
LymphNode_HE_352.h5,/features,737,1024,float32,"1.287,-0.7118,-2.211,1.219,2.017,1.038,1.05,2.636,0.496,0.8006"
LymphNode_HE_355.h5,/features,1205,1024,float32,"1.618,2.209,1.072,-0.06164,0.7536,-2.028,-1.309,0.9436,-0.03968,-0.2578"
LymphNode_HE_358.h5,/features,898,1024,float32,"2.024,-0.702,-3.324,1.588,1.272,2.571,-0.1018,1.112,-0.367,-0.3581"
LymphNode_HE_359.h5,/features,690,1024,float32,"0.6587,-0.1153,-0.2987,1.301,1.593,-0.3066,-0.6439,0.1333,0.2992,-1.118"
LymphNode_HE_361.h5,/features,703,1024,float32,"-0.07623,-1.169,-1.081,1.099,0.2231,0.6913,-2.082,0.9895,0.1617,1.107"
LymphNode_HE_362.h5,/features,1271,1024,float32,"-1.029,0.9301,1.329,-0.0002479,0.5955,-1.23,-0.2644,0.7151,0.251,-0.2435"
LymphNode_HE_370.h5,/features,1891,1024,float32,"-0.4492,0.3164,0.8653,0.7787,1.01,1.452,0.6029,1.6,-1.77,1.309"
LymphNode_HE_372.h5,/features,1048,1024,float32,"-0.1398,-1.045,-1.416,1.066,1.683,0.3896,-1.891,2.715,-0.1173,0.6619"
LymphNode_HE_373.h5,/features,943,1024,float32,"1.794,-2.132,-2.131,0.8819,0.3218,0.8119,-0.483,0.249,1.323,0.2189"
LymphNode_HE_374.h5,/features,1554,1024,float32,"0.1106,-0.6126,0.1616,-0.2362,1.679,0.5294,-2.188,1.834,-0.4842,0.8921"
LymphNode_HE_379.h5,/features,2182,1024,float32,"1.512,1.36,-0.4149,-0.894,0.1959,1.03,-2.101,0.3826,-2.374,-0.03417"
LymphNode_HE_382.h5,/features,499,1024,float32,"2.216,-1.812,-3.013,1.503,0.4846,2.221,0.1114,2.515,0.8515,1.331"
LymphNode_HE_383.h5,/features,528,1024,float32,"-0.5728,-0.01863,-1.278,0.1414,0.195,0.8165,-1.284,0.9922,0.2317,0.7643"
LymphNode_HE_385.h5,/features,703,1024,float32,"1.301,-0.312,-0.8641,1.269,0.9714,1.848,-2.99,1.35,1.171,2.104"
LymphNode_HE_387.h5,/features,1199,1024,float32,"0.8291,-0.9846,-2.037,0.5326,1.152,0.7953,-1.575,1.309,0.8292,0.9005"
LymphNode_HE_388.h5,/features,4192,1024,float32,"-0.1434,0.5877,-1.36,0.4575,-0.4427,0.3939,0.1483,1.128,-1.184,1.41"
LymphNode_HE_390.h5,/features,1174,1024,float32,"0.1223,2.183,-0.08678,-0.5258,-0.329,1.094,-1.382,-0.1068,-1.877,1.916"
LymphNode_HE_391.h5,/features,741,1024,float32,"-0.06748,-0.7929,-1.827,1.294,1.407,0.889,0.003926,0.8294,-0.2187,-0.5359"
LymphNode_HE_393.h5,/features,738,1024,float32,"0.964,-1.072,-2.289,0.4154,1.339,1.257,-1.008,0.8991,-0.008013,0.7157"
LymphNode_HE_395.h5,/features,1762,1024,float32,"0.6071,0.01466,1.28,0.1086,2.022,-1.059,-2.221,0.7335,0.8128,-0.3607"
LymphNode_HE_400.h5,/features,928,1024,float32,"-0.02918,-0.8034,-1.249,0.454,1.381,-0.03017,-0.03147,-0.5816,-0.6228,0.4747"
LymphNode_HE_403.h5,/features,1004,1024,float32,"0.2374,0.9716,-0.3996,1.454,2.304,0.813,-1.252,1.058,0.08956,1.074"
LymphNode_HE_404.h5,/features,1459,1024,float32,"0.28,0.4579,-0.6007,2.007,1.403,1.211,-2.492,0.8471,0.5701,0.1136"
LymphNode_HE_405.h5,/features,168,1024,float32,"1.667,-0.1766,-0.1408,1.148,-1.405,-0.757,0.007468,0.3695,-0.1137,1.159"
LymphNode_HE_407.h5,/features,1202,1024,float32,"-0.4581,-0.08957,-1.655,1.541,1.518,0.9353,-1.592,1.192,-0.2132,0.09711"
LymphNode_HE_414.h5,/features,1135,1024,float32,"1.344,1.191,-1.822,1.337,0.1305,0.07531,-0.8914,1.476,0.978,0.3613"
LymphNode_HE_415.h5,/features,1049,1024,float32,"1.491,1.663,-1.66,1.114,-0.6145,0.2729,1.049,3.079,0.4989,-0.2859"
LymphNode_HE_419.h5,/features,1193,1024,float32,"1.952,0.1343,-1.849,1.479,0.7509,1.909,-0.9954,4.059,0.6378,0.7621"
LymphNode_HE_420.h5,/features,1074,1024,float32,"0.03894,-0.04823,-0.04654,1.186,-0.1082,-0.8189,-1.755,0.06306,-0.203,-0.828"
LymphNode_HE_422.h5,/features,1051,1024,float32,"0.9414,-0.3628,-1.321,0.8521,0.2359,1.678,-0.1672,0.8728,-0.02221,0.4675"
LymphNode_HE_423.h5,/features,1201,1024,float32,"-0.347,-3.182,-2.405,0.5069,1.229,0.5254,-0.1409,1.664,0.2092,-0.3201"
LymphNode_HE_424.h5,/features,1282,1024,float32,"-0.06312,0.4637,-2.006,1.728,2.561,2.203,1.244,0.6785,-0.08579,-0.8907"
LymphNode_HE_427.h5,/features,1282,1024,float32,"1.249,-0.1403,-1.238,1.013,0.1291,1.715,-0.9406,2.148,-0.07232,1.134"
LymphNode_HE_434.h5,/features,1156,1024,float32,"2.43,-1.831,-2.02,0.4624,1.617,0.9688,0.6742,0.2624,-0.5206,-0.03657"
LymphNode_HE_437.h5,/features,1071,1024,float32,"0.1491,-0.5389,0.9033,0.8488,2.481,1.469,-1.364,1.614,0.1059,0.8538"
LymphNode_HE_438.h5,/features,2271,1024,float32,"0.9716,0.8808,0.1571,-0.6285,-0.4235,0.8125,1.722,0.6796,0.4473,1.294"
LymphNode_HE_439.h5,/features,688,1024,float32,"2.112,-0.6561,-1.634,1.004,1.62,1.088,-2.246,0.684,0.7104,0.5502"
LymphNode_HE_440.h5,/features,702,1024,float32,"-0.2266,0.2406,-2.352,2.188,0.2116,1.756,-1.997,0.6377,1.602,-0.008079"
LymphNode_HE_441.h5,/features,1633,1024,float32,"1.947,0.785,-0.2883,0.5167,-1.282,1.216,-1.166,0.06105,-1.823,1.06"
LymphNode_HE_442.h5,/features,1087,1024,float32,"-0.9483,0.3612,-2.059,2.104,0.49,2.299,-1.433,1.94,-0.09897,0.8769"
LymphNode_HE_443.h5,/features,1032,1024,float32,"2.608,-1.383,-2.466,1.527,-0.2903,0.64,-3.173,1.759,1.15,-0.2183"
LymphNode_HE_446.h5,/features,1969,1024,float32,"-0.6606,0.7941,1.077,0.8006,-0.1747,-0.5862,-1.375,-0.2357,-0.587,0.3287"
LymphNode_HE_448.h5,/features,1239,1024,float32,"1.064,-1.367,-1.435,0.4824,1.779,1.297,-1.705,1.421,1.187,0.4392"
LymphNode_HE_452.h5,/features,927,1024,float32,"0.1707,-0.79,-1.327,0.4114,0.8352,1.039,-1.654,1.219,-0.1652,-1.051"
LymphNode_HE_453.h5,/features,1385,1024,float32,"0.8709,-0.8646,0.3369,0.5338,1.75,-0.3115,-0.9401,0.5333,0.00818,-0.2311"
LymphNode_HE_458.h5,/features,476,1024,float32,"0.06863,-0.4872,-1.63,0.5218,0.7795,1.668,-1.278,1.34,0.623,0.5911"
LymphNode_HE_461.h5,/features,611,1024,float32,"0.9899,-2.995,-2.144,0.3997,0.6801,2.18,-2.039,1.817,0.1156,1.972"
LymphNode_HE_464.h5,/features,582,1024,float32,"0.9329,0.6219,-0.3538,0.1894,-0.5683,0.6347,-1.6,1.059,-0.1698,0.9357"
LymphNode_HE_465.h5,/features,1131,1024,float32,"2.187,-0.7729,-2.101,1.565,0.1971,1.967,-0.05636,1.171,1.442,-0.5452"
LymphNode_HE_467.h5,/features,1024,1024,float32,"2.794,-1.011,-0.9429,1.367,-0.1503,0.932,-0.7169,0.9056,0.7172,-0.7789"
LymphNode_HE_469.h5,/features,1313,1024,float32,"-1.139,-0.9228,-0.263,1.061,0.7177,1.205,-1.219,1.194,0.5627,0.6169"
LymphNode_HE_471.h5,/features,953,1024,float32,"0.1032,-1.811,-0.2672,0.7737,0.791,0.6388,-1.378,1.307,1.09,1.011"
LymphNode_HE_472.h5,/features,1372,1024,float32,"-0.7239,0.09956,-1.144,-0.3196,1.009,-0.9215,-2.689,0.4114,-0.07751,-0.6548"
LymphNode_HE_478.h5,/features,877,1024,float32,"-0.2024,-0.005529,-1.367,1.615,1.735,2.513,-1.344,1.161,0.1721,0.9512"
LymphNode_HE_483.h5,/features,1270,1024,float32,"-0.3977,0.5297,-1.208,0.7691,1.174,1.08,-1.755,0.533,-0.4064,0.4155"
LymphNode_HE_484.h5,/features,2301,1024,float32,"1.36,1.218,0.9579,1.169,1.488,1.341,-1.679,1.907,-0.1437,0.3621"
LymphNode_HE_487.h5,/features,625,1024,float32,"0.2144,-1.086,-1.527,0.9678,1.028,0.3973,-0.3337,1.844,0.2418,2.267"
LymphNode_HE_488.h5,/features,1061,1024,float32,"0.9585,-0.46,-1.16,0.6484,2.073,0.8826,-0.7607,2.739,0.2262,0.2866"
LymphNode_HE_489.h5,/features,1301,1024,float32,"1.041,2.12,-1.675,1.123,1.594,1.255,-0.409,2.085,0.5909,0.488"
LymphNode_HE_490.h5,/features,963,1024,float32,"-0.1265,-0.7096,-1.462,2.161,1.795,2.749,-2.196,0.2646,-0.0257,1.349"
LymphNode_HE_491.h5,/features,737,1024,float32,"3.634,-1.094,-0.9477,0.3862,0.7946,1.172,-0.1913,3.088,-0.4378,0.2656"
LymphNode_HE_492.h5,/features,672,1024,float32,"-0.5403,-1.076,-0.7443,0.595,1.86,1.691,-1.111,3.217,-0.2909,0.8206"
LymphNode_HE_494.h5,/features,1567,1024,float32,"-2.161,-1.662,0.2714,-0.02767,-0.4937,-1.779,0.1088,-0.1422,-0.09097,-0.3426"
LymphNode_HE_497.h5,/features,1085,1024,float32,"1.524,-1.67,-3.177,2.063,-0.4777,2.629,-1.451,2.627,0.009828,0.2307"
LymphNode_HE_500.h5,/features,864,1024,float32,"1.278,-0.6089,-1.205,0.4942,1.662,1.071,-1.954,1.506,-0.06282,2.112"
LymphNode_HE_501.h5,/features,2029,1024,float32,"1.613,1.387,-0.5348,0.2714,-1.166,0.8053,0.03583,0.4179,-1.669,1.333"
LymphNode_HE_503.h5,/features,1587,1024,float32,"-0.8107,-0.4653,-1.723,0.6162,-0.0519,-0.72,-0.03344,1.097,0.5525,0.4441"
LymphNode_HE_505.h5,/features,1942,1024,float32,"1.523,-0.3764,-0.6763,1.343,0.08843,1.231,1.146,2.193,-0.4479,0.4128"
LymphNode_HE_508.h5,/features,917,1024,float32,"-0.1655,-0.07014,-0.4341,0.9242,2.277,0.9836,-2.196,1.484,-0.2488,1.324"
LymphNode_HE_509.h5,/features,1081,1024,float32,"2.632,-0.274,-2.263,1.202,0.7756,3.004,-1.153,2.112,0.2774,0.3835"
LymphNode_HE_510.h5,/features,583,1024,float32,"0.8914,-0.6301,-0.9975,0.818,-0.7355,-0.262,0.6246,1.652,0.7148,1.283"
LymphNode_HE_511.h5,/features,777,1024,float32,"1.147,-3.159,-1.655,1.207,0.1103,0.6602,-0.07125,-0.3481,0.01127,0.5814"
LymphNode_HE_513.h5,/features,777,1024,float32,"-2.339,-0.8614,-1.697,1.716,0.6883,1.687,-0.6442,0.6192,-0.1016,0.009368"
LymphNode_HE_515.h5,/features,633,1024,float32,"0.5298,0.564,0.4471,0.6027,1.031,-1.507,-2.688,2.19,0.4356,0.9199"
LymphNode_HE_517.h5,/features,1032,1024,float32,"-0.03163,-1.47,-0.4617,1.252,1.294,1.169,-2.582,1.417,0.5118,0.7574"
LymphNode_HE_521.h5,/features,1901,1024,float32,"-0.1538,1.405,-0.2659,-0.8308,-0.3066,0.02833,2.236,0.4554,0.09357,0.7421"
LymphNode_HE_523.h5,/features,911,1024,float32,"0.6686,-1.577,-0.7653,1.097,3.173,1.145,-2.14,2.032,0.144,-0.666"
LymphNode_HE_526.h5,/features,2891,1024,float32,"1.252,0.6005,-0.06721,0.3544,-1.258,1.238,-0.02536,0.1988,-1.069,1.886"
LymphNode_HE_528.h5,/features,1559,1024,float32,"2.741,2.369,0.321,0.2176,1.059,-0.9735,-3.165,2.021,0.4422,-0.2268"
LymphNode_HE_530.h5,/features,1279,1024,float32,"0.7237,-0.05554,-0.4198,1.187,1.745,0.5696,-1.087,1.353,1.07,-0.4118"
LymphNode_HE_532.h5,/features,1462,1024,float32,"-0.2131,1.617,0.4917,1.091,0.4354,-1.489,-0.7113,0.2714,0.3931,-0.1358"
LymphNode_HE_536.h5,/features,759,1024,float32,"-0.4305,0.699,-1.985,1.019,2.018,1.176,-0.6468,0.8404,0.9266,1.32"
LymphNode_HE_537.h5,/features,1098,1024,float32,"0.03977,-0.5563,-2.25,0.3662,0.9221,-0.4687,0.05023,1.947,0.6036,1.575"
LymphNode_HE_538.h5,/features,1262,1024,float32,"0.04461,0.2944,0.4095,1.128,0.6733,-0.3315,-0.9627,0.9682,-0.4656,-0.2052"
LymphNode_HE_540.h5,/features,834,1024,float32,"-0.3156,-0.298,-0.3188,1.142,2.322,0.4272,-2.19,1.458,0.3987,0.1331"
LymphNode_HE_541.h5,/features,1874,1024,float32,"1.672,-0.6217,-0.03217,1.735,-1.152,-0.5543,-1.194,0.7286,1.069,-1.214"
LymphNode_HE_542.h5,/features,854,1024,float32,"2.904,-0.7992,0.8647,-0.1853,1.119,1.049,-0.643,-1.413,-0.1713,-0.03507"
LymphNode_HE_543.h5,/features,948,1024,float32,"1.493,-1.132,-1.387,1.152,1.683,1.479,-0.4633,0.2885,0.4696,-0.3187"
LymphNode_HE_544.h5,/features,1716,1024,float32,"-1.025,0.9557,0.9308,1.371,0.3041,-1.366,-0.1685,-0.2351,0.4969,-0.4384"
LymphNode_HE_547.h5,/features,767,1024,float32,"1.473,-0.717,-1.201,0.8503,-0.474,0.2915,-0.1712,2.736,-0.1867,0.7997"
LymphNode_HE_548.h5,/features,1310,1024,float32,"0.9781,0.1227,-0.3779,1.335,-0.7512,1.922,0.3037,2.663,0.4585,1.08"
LymphNode_HE_550.h5,/features,1085,1024,float32,"-1.487,-0.2877,-2.271,0.9297,1.671,-0.04682,-1.23,1.025,0.7242,0.1726"
LymphNode_HE_554.h5,/features,497,1024,float32,"0.8672,-2.469,-1.386,0.3564,-0.9103,0.7952,-0.9517,2.254,-0.5547,0.1619"
LymphNode_HE_555.h5,/features,907,1024,float32,"0.8385,-0.759,-0.7992,1.252,0.6703,1.529,-1.358,1.637,0.3417,1.262"
LymphNode_HE_559.h5,/features,968,1024,float32,"1.436,0.7642,-1.106,0.8161,1.034,-0.8573,0.2887,0.1571,0.4044,-2.006"
LymphNode_HE_561.h5,/features,1386,1024,float32,"0.9766,-0.5538,-2.782,1.575,0.7268,2.932,-1.191,1.613,1.195,-0.9714"
LymphNode_HE_563.h5,/features,704,1024,float32,"1.109,0.3241,-1.353,1.556,0.1158,0.3299,-1.552,1.102,0.6682,-0.1994"
LymphNode_HE_564.h5,/features,1173,1024,float32,"0.289,-2.125,-1.453,0.7696,1.738,0.886,-1.474,1.201,0.3625,0.6788"
LymphNode_HE_568.h5,/features,1200,1024,float32,"0.3458,-1.533,-1.495,0.593,-0.3732,0.3373,0.8917,2.525,-0.2873,0.5935"
LymphNode_HE_570.h5,/features,1270,1024,float32,"1.08,-0.3703,0.8301,0.2209,1.458,0.8523,-0.351,0.7855,0.7706,0.953"
LymphNode_HE_571.h5,/features,1185,1024,float32,"0.02016,-0.1681,0.2483,-0.329,2.696,-1.627,-0.5391,0.5426,-0.4823,-0.3116"
LymphNode_HE_572.h5,/features,1115,1024,float32,"1.077,-2.104,-1.681,1.234,1.48,1.247,-0.1513,2.177,0.3379,0.2764"
LymphNode_HE_576.h5,/features,946,1024,float32,"0.2927,-1.254,-1.556,-0.07744,1.897,-0.1582,-2.232,2.228,-0.2027,1.837"
LymphNode_HE_581.h5,/features,1018,1024,float32,"-0.6037,0.8279,-0.8928,1.124,2.025,0.387,-2.62,0.5747,0.3496,-0.2696"
LymphNode_HE_583.h5,/features,1059,1024,float32,"2.533,-2.044,-1.009,0.6282,-0.1038,1.855,-0.3353,1.648,-0.7048,0.5376"
LymphNode_HE_585.h5,/features,1036,1024,float32,"2.495,-1.977,-2.305,1.675,0.9717,2.955,0.04493,0.997,0.1467,0.5791"
LymphNode_HE_588.h5,/features,1032,1024,float32,"0.4857,0.946,-1.307,-0.6593,-0.6998,0.2608,1.829,0.5219,-0.1019,1.283"
LymphNode_HE_590.h5,/features,1246,1024,float32,"0.07632,-0.7615,-1.498,1.157,1.471,1.252,-1.111,0.3709,-0.3721,0.2539"
LymphNode_HE_591.h5,/features,626,1024,float32,"2.729,0.2221,-1.735,1.45,0.7746,0.7799,-0.7806,2.349,0.7934,-0.1081"
LymphNode_HE_592.h5,/features,631,1024,float32,"1.762,-1.094,-0.8653,0.6032,1.221,0.8548,-1.55,1.927,0.6164,-0.2079"
LymphNode_HE_594.h5,/features,565,1024,float32,"0.7303,-0.518,-0.9249,0.6821,0.6183,2.076,-1.038,0.9683,0.2624,-0.8843"
LymphNode_HE_596.h5,/features,2564,1024,float32,"-0.1866,2.411,0.718,1.398,0.3994,-0.5165,-1.156,1.023,-0.1704,0.4616"
LymphNode_HE_597.h5,/features,1165,1024,float32,"1.942,-0.9789,-1.778,1.223,1.092,2.061,-0.7936,2.096,-0.08479,-0.612"
LymphNode_HE_598.h5,/features,1415,1024,float32,"4.494,0.07468,-1.339,1.079,1.18,0.1235,-1.689,0.6799,-0.1077,0.1255"
LymphNode_HE_602.h5,/features,1287,1024,float32,"1.169,-0.2393,0.4573,0.1923,1.7,1.006,-0.4781,1.408,-0.1756,-0.004257"
LymphNode_HE_604.h5,/features,2750,1024,float32,"1.574,1.003,0.03436,-1.181,-0.6294,1.03,-0.07289,1.704,-0.109,0.394"
LymphNode_HE_608.h5,/features,899,1024,float32,"-0.4472,0.4416,-2.558,1.434,2.419,1.307,0.4366,3.08,1.076,0.1419"
LymphNode_HE_609.h5,/features,248,1024,float32,"0.6852,0.5921,-1.104,1.018,1.59,0.88,1.289,1.265,0.4756,1.536"
LymphNode_HE_611.h5,/features,1406,1024,float32,"-0.2612,1.023,-2.993,0.557,1.082,1.298,0.08021,1.226,0.9601,-0.1049"
LymphNode_HE_612.h5,/features,748,1024,float32,"-0.8669,-0.3673,-0.5154,1.737,2.515,0.1464,-2.593,2.077,0.6786,0.6993"
LymphNode_HE_614.h5,/features,1410,1024,float32,"-0.1779,1.434,-2.772,1.383,0.1774,0.7154,-0.4009,2.977,0.7045,0.3869"
LymphNode_HE_615.h5,/features,2226,1024,float32,"0.2405,1.82,-1.716,-0.5258,1.025,1.536,0.8551,0.5454,-1.244,1.239"
LymphNode_HE_616.h5,/features,1049,1024,float32,"-1.018,1.135,-0.157,0.8036,2.153,0.369,-0.9589,0.2773,-0.4821,0.499"
LymphNode_HE_617.h5,/features,1864,1024,float32,"-1.052,-1.12,0.03896,1.513,1.873,-0.8957,-0.4477,0.1904,-0.0741,-1.044"
LymphNode_HE_624.h5,/features,888,1024,float32,"0.6337,-0.2051,-1.684,0.595,1.819,1.278,0.8436,3.337,0.4125,0.5749"
LymphNode_HE_625.h5,/features,1906,1024,float32,"-0.6941,-1.598,1.433,-0.2522,1.334,-0.5514,-2.436,1.242,0.6306,-1.361"
LymphNode_HE_627.h5,/features,548,1024,float32,"0.9737,-2.01,-1.811,1.154,0.8731,1.353,0.7551,1.39,-0.2733,1.11"
LymphNode_HE_629.h5,/features,1306,1024,float32,"1.232,-2.642,-2.189,1.231,0.8394,0.1446,-2.438,1.242,0.9133,0.08219"
LymphNode_HE_631.h5,/features,2010,1024,float32,"1.179,-0.7568,1.092,0.7595,1.306,-0.9761,-0.671,1.09,0.5344,-0.5127"
LymphNode_HE_633.h5,/features,1068,1024,float32,"-1.172,-1.928,-0.5581,1.227,1.062,1.541,-1.386,0.666,0.09465,1.019"
LymphNode_HE_640.h5,/features,1528,1024,float32,"-0.6343,0.5886,0.3234,1.619,0.8775,0.7482,-1.322,0.3144,0.8613,-0.4011"
LymphNode_HE_643.h5,/features,2530,1024,float32,"2.106,3.052,0.5347,-0.9241,-1.926,1.101,0.4205,0.8264,-2.084,0.5338"
LymphNode_HE_644.h5,/features,425,1024,float32,"-1.522,-0.3768,-2.196,0.2333,0.6598,0.4278,-0.7552,1.54,0.2051,0.5083"
LymphNode_HE_645.h5,/features,1035,1024,float32,"1.084,-1.05,-2.831,1.288,0.629,1.278,0.1332,1.538,-0.3005,0.857"
LymphNode_HE_646.h5,/features,933,1024,float32,"-0.3873,-2.141,-1.483,1.043,0.6867,1.198,0.7663,1.383,-0.02466,2.039"
LymphNode_HE_648.h5,/features,1202,1024,float32,"0.729,0.908,-1.47,0.9932,-0.7841,1.051,-1.342,2.974,0.4521,0.5924"
LymphNode_HE_649.h5,/features,833,1024,float32,"2.198,-0.5903,-2.742,0.7674,0.7167,1.561,-0.5085,3.99,0.9804,0.7032"
LymphNode_HE_652.h5,/features,3504,1024,float32,"-0.7672,-0.2303,0.3278,-1.964,-3.044,0.9732,-0.6176,0.6021,-1.394,-0.2472"
LymphNode_HE_653.h5,/features,1225,1024,float32,"0.8988,0.5169,-1.446,1.08,1.475,1.974,-2.245,0.2445,-1.109,0.5781"
LymphNode_HE_655.h5,/features,1610,1024,float32,"-1.335,2.073,0.5759,0.6861,1.18,-0.1337,-0.8058,-0.1401,0.7436,0.4268"
LymphNode_HE_657.h5,/features,490,1024,float32,"1.25,-1.301,-2.13,0.8625,1.328,0.1445,-2.042,0.1657,0.928,1.281"
LymphNode_HE_661.h5,/features,949,1024,float32,"0.4489,0.1828,-1.907,1.12,0.2198,0.5712,0.8079,3.003,0.2166,1.682"
LymphNode_HE_663.h5,/features,721,1024,float32,"0.2039,-1.888,-2.814,1.531,0.3157,1.879,0.2011,2.783,0.2492,0.8955"
LymphNode_HE_665.h5,/features,1298,1024,float32,"0.8372,-1.885,-1.872,1.28,1.694,1.039,-1.725,2.995,0.09448,0.9826"
LymphNode_HE_666.h5,/features,2989,1024,float32,"0.621,1.114,-0.4032,-0.6786,-0.588,0.23,1.634,0.7356,0.4229,0.4165"
LymphNode_HE_668.h5,/features,996,1024,float32,"3.649,-0.3626,-1.008,0.4829,2.318,1.706,-1.783,1.329,-0.2344,0.4494"
LymphNode_HE_671.h5,/features,789,1024,float32,"0.5091,-0.3169,-2.278,0.5338,1.967,0.5183,0.5279,2.06,1.201,1.343"
LymphNode_HE_672.h5,/features,1135,1024,float32,"-0.1415,-0.739,-2.749,1.935,0.5391,1.893,-0.4112,1.662,-0.08082,-0.2774"
LymphNode_HE_673.h5,/features,1516,1024,float32,"1.408,1.296,-0.1234,-0.3434,-0.7337,1.141,-2.065,0.7204,-2.757,0.6773"
LymphNode_HE_675.h5,/features,2342,1024,float32,"1.496,0.1662,-0.4225,-0.8008,-0.3011,1.695,0.07344,0.8141,-0.1678,0.3198"
LymphNode_HE_678.h5,/features,824,1024,float32,"1.571,-1.711,-1.763,1.512,1.44,1.804,0.2653,2.243,0.692,1.466"
LymphNode_HE_680.h5,/features,908,1024,float32,"0.04477,-0.5761,-1.533,2.195,1.755,1.057,0.3733,1.418,0.4586,0.4805"
LymphNode_HE_681.h5,/features,1269,1024,float32,"0.08392,2.107,-0.7584,-0.9434,-0.793,0.9641,-1.984,0.2067,-2.87,1.549"
LymphNode_HE_682.h5,/features,688,1024,float32,"-0.295,0.417,-1.818,0.5858,-0.2904,0.8341,-1.139,0.7656,0.154,-0.121"
LymphNode_HE_686.h5,/features,1879,1024,float32,"-0.5041,1.584,0.1103,1.423,1.741,-1.419,0.375,0.4288,-0.02731,0.07503"
LymphNode_HE_688.h5,/features,1512,1024,float32,"2.332,0.8908,0.3263,0.4218,1.254,-0.4137,-2.278,1.24,0.54,0.02146"
LymphNode_HE_692.h5,/features,1009,1024,float32,"-1.567,-0.6794,-1.029,1.288,0.6987,2.626,-2.079,0.9984,0.2648,0.6801"
LymphNode_HE_693.h5,/features,606,1024,float32,"-1.203,-0.4702,-0.3687,-0.4177,1.677,-0.3315,-2.137,1.661,0.5862,0.2487"
LymphNode_HE_694.h5,/features,1684,1024,float32,"-1.902,1.003,0.4236,1.138,1.189,-0.679,0.07404,-0.2055,0.9096,-0.6779"
LymphNode_HE_695.h5,/features,877,1024,float32,"0.8139,-1.616,-1.017,1.467,0.157,1.283,-0.07381,2.612,-0.5074,1.095"
LymphNode_HE_701.h5,/features,867,1024,float32,"0.6777,-1.918,-1.121,1.502,0.5621,2.065,-1.926,0.6184,-0.4475,1.404"
LymphNode_HE_704.h5,/features,991,1024,float32,"0.2838,-1.908,-2.977,1.077,1.402,0.9897,0.3764,2.722,1.512,0.4319"
LymphNode_HE_706.h5,/features,1241,1024,float32,"2.05,-1.957,-2.176,0.154,1.483,1.182,-1.578,0.1703,1.019,0.6707"
LymphNode_HE_707.h5,/features,1046,1024,float32,"0.5572,-2.248,-1.192,0.7003,0.7513,1.514,-1.344,1.861,0.7583,1.475"
LymphNode_HE_709.h5,/features,1100,1024,float32,"0.07826,-0.611,-0.7694,-0.2582,-0.6688,0.006148,-0.9739,1,-0.8475,1.16"
LymphNode_HE_710.h5,/features,863,1024,float32,"-0.9435,-1.382,-0.5836,1.118,1.907,2.377,-2.138,0.5262,0.44,0.7654"
LymphNode_HE_711.h5,/features,2081,1024,float32,"1.084,-0.07573,-0.2316,0.3984,-0.2184,0.1591,-0.1431,1.031,0.8072,-0.9661"
LymphNode_HE_712.h5,/features,773,1024,float32,"0.8092,-0.6311,-2.729,1.528,-0.166,-0.2794,-0.2166,2.016,1.127,0.73"
LymphNode_HE_713.h5,/features,665,1024,float32,"-0.08429,-1.211,-0.3277,0.9043,0.5285,0.2072,-0.7545,1.546,1.015,1.232"
LymphNode_HE_714.h5,/features,1022,1024,float32,"-0.4329,-0.3289,-2.687,1.198,1.315,0.8416,0.7779,0.8236,-0.2068,0.001392"
LymphNode_HE_715.h5,/features,1367,1024,float32,"0.6383,1.208,-0.7077,1.034,1.264,0.9444,-3.647,0.9787,1.276,0.2331"
LymphNode_HE_717.h5,/features,1206,1024,float32,"0.6076,-1.602,-0.5444,1.077,1.42,0.9658,-2.606,1.562,0.3585,1.842"
LymphNode_HE_722.h5,/features,2262,1024,float32,"1.308,1.578,-0.4765,-0.2248,1.231,-1.163,-1.543,1.496,0.08313,0.08506"
LymphNode_HE_723.h5,/features,992,1024,float32,"0.132,-0.8885,-1.171,0.7358,1.771,1.091,-1.305,0.8238,0.5367,-0.498"
LymphNode_HE_724.h5,/features,1860,1024,float32,"-0.2977,1.69,-1.165,-0.6939,-0.1085,0.587,0.5455,0.5189,-1.472,0.9633"
LymphNode_HE_725.h5,/features,1978,1024,float32,"0.4829,0.7671,2.08,-0.2995,-0.1613,-0.8234,-1.505,0.8314,-0.3079,-0.3214"
LymphNode_HE_727.h5,/features,499,1024,float32,"0.5316,-0.3149,-0.8181,0.3171,0.8825,1.787,-1.707,1.789,-0.3153,1.37"
LymphNode_HE_728.h5,/features,998,1024,float32,"-0.7665,-0.6915,-0.1022,1.423,-0.4598,0.5702,-0.496,1.301,-0.3331,1.186"
LymphNode_HE_729.h5,/features,923,1024,float32,"0.8479,-0.5871,-2.78,0.3153,1.792,2.417,-1.725,1.778,0.7155,0.9088"
LymphNode_HE_732.h5,/features,782,1024,float32,"1.302,-0.197,-2.304,1.66,-0.3518,1.863,-2.966,1.339,0.4792,-0.0344"
LymphNode_HE_734.h5,/features,1311,1024,float32,"-0.4035,-0.6379,-1.668,0.9942,0.745,-0.176,-0.4407,2.13,0.08108,-0.5071"
LymphNode_HE_735.h5,/features,2244,1024,float32,"0.01308,0.52,-0.4116,-0.136,-0.9957,0.04359,1.239,0.2623,-0.9,1.801"
LymphNode_HE_736.h5,/features,631,1024,float32,"1.379,-1.612,-1.854,1.248,2.915,1.845,-0.5588,1.434,0.3115,0.7421"
LymphNode_HE_737.h5,/features,990,1024,float32,"0.3532,-0.4112,-0.4749,0.7178,1.646,0.9245,-2.488,2.238,0.01987,1.398"
LymphNode_HE_738.h5,/features,1606,1024,float32,"0.146,0.0704,-1.283,1.242,-0.2761,-0.8158,-0.1336,2.01,-0.3234,-0.5732"
LymphNode_HE_741.h5,/features,630,1024,float32,"1.879,-0.03019,-1.9,0.252,1.55,-0.02804,-1.335,-0.5734,0.03484,-0.3941"
LymphNode_HE_742.h5,/features,2096,1024,float32,"0.04297,2.208,-0.5952,1.289,0.8046,0.2814,-1.409,1.143,-0.5234,0.06148"
LymphNode_HE_743.h5,/features,1826,1024,float32,"2.137,2.358,0.1505,-0.9221,-2.471,0.9191,0.1073,0.7391,-2.215,-0.09303"
LymphNode_HE_744.h5,/features,1332,1024,float32,"-0.57,-1.492,-2.977,0.9896,1.443,0.7531,1.034,0.4686,-0.6781,0.3873"
LymphNode_HE_745.h5,/features,945,1024,float32,"-1.844,-0.9148,-1.819,1.44,1.002,1.072,-2.317,1.416,0.8215,0.5413"
LymphNode_HE_746.h5,/features,867,1024,float32,"-0.1219,-1.273,-1.032,0.9087,0.6475,1.854,-0.9848,1.334,0.6877,-0.0002778"
LymphNode_HE_749.h5,/features,806,1024,float32,"0.5874,0.867,0.03996,1.417,0.8613,0.4644,-2.025,0.9031,0.8828,0.3211"
LymphNode_HE_751.h5,/features,1012,1024,float32,"0.1138,1.767,-1.075,0.1772,-0.1496,2.668,0.3862,2.78,-0.2332,0.9823"
LymphNode_HE_753.h5,/features,587,1024,float32,"1.332,-0.01364,-1.271,1.986,-0.5428,1.584,0.9615,1.374,-0.7225,-0.5427"
LymphNode_HE_759.h5,/features,1142,1024,float32,"1.132,-1.551,-2.161,1.1,1.766,2.206,1.098,0.1823,0.3393,-0.1181"
LymphNode_HE_761.h5,/features,533,1024,float32,"0.8713,-1.296,-0.3321,0.9592,0.1364,1.042,-1.563,1.625,0.9796,0.1242"
LymphNode_HE_762.h5,/features,550,1024,float32,"-0.3933,-0.1361,-0.8211,-0.09522,0.7307,0.8432,3.914e-05,0.8762,0.04994,-0.3255"
